Employee_ID,Name,Department,Role,Join_Date,Performance_Score,Training_Completed,Compliance_Incidents,Salary_Band
IBSH00001,Employee IBSH00001,Legal,Supply Chain Lead,29 August 2018,2.9,False,5,B1
IBSH00002,Employee IBSH00002,Finance,HR Manager,14 March 2021,3.6,False,5,B4
IBSH00003,Employee IBSH00003,Legal,Finance Controller,10 June 2020,4.9,False,4,B1
IBSH00004,Employee IBSH00004,Procurement,Procurement Manager,7 May 2023,3.8,False,5,B2
IBSH00005,Employee IBSH00005,IT,Compliance Officer,1 February 2020,2.7,False,4,B1
IBSH00006,Employee IBSH00006,Supply Chain,Compliance Officer,5 October 2020,3.9,False,4,B1
IBSH00007,Employee IBSH00007,Supply Chain,Risk Analyst,4 December 2020,3.0,False,4,B3
IBSH00008,Employee IBSH00008,Finance,Supply Chain Lead,21 June 2019,4.2,False,4,B3
IBSH00009,Employee IBSH00009,Risk & Audit,Compliance Officer,8 February 2018,3.6,False,5,B1
IBSH00010,Employee IBSH00010,IT,Legal Counsel,4 September 2023,3.2,False,4,B3
IBSH00011,Employee IBSH00011,Legal,Risk Analyst,13 March 2021,2.9,False,4,B3
IBSH00012,Employee IBSH00012,IT,Finance Controller,1 March 2019,4.8,False,4,B2
IBSH00013,Employee IBSH00013,Compliance,Compliance Officer,29 September 2019,3.2,False,5,B2
IBSH00014,Employee IBSH00014,Legal,Finance Controller,2 September 2023,3.7,False,5,B1
IBSH00015,Employee IBSH00015,Supply Chain,Finance Controller,30 June 2018,2.5,False,4,B2
IBSH00016,Employee IBSH00016,HR,Supply Chain Lead,9 February 2018,2.8,True,2,B2
IBSH00017,Employee IBSH00017,Operations,Vendor Manager,27 October 2022,2.8,True,0,B3
IBSH00018,Employee IBSH00018,Risk & Audit,Legal Counsel,19 October 2020,4.2,True,2,B3
IBSH00019,Employee IBSH00019,Legal,Vendor Manager,27 December 2019,4.7,True,3,B1
IBSH00020,Employee IBSH00020,Supply Chain,Legal Counsel,28 December 2020,2.9,True,1,B1
IBSH00021,Employee IBSH00021,HR,Legal Counsel,28 March 2020,4.5,True,3,B4
IBSH00022,Employee IBSH00022,Legal,Legal Counsel,7 April 2018,4.2,True,2,B4
IBSH00023,Employee IBSH00023,Compliance,Finance Controller,9 December 2021,4.1,True,2,B4
IBSH00024,Employee IBSH00024,Compliance,Finance Controller,2 January 2020,4.0,True,2,B3
IBSH00025,Employee IBSH00025,Operations,Supply Chain Lead,16 November 2021,4.3,True,0,B3
IBSH00026,Employee IBSH00026,Supply Chain,Legal Counsel,9 November 2020,2.6,True,3,B4
IBSH00027,Employee IBSH00027,Risk & Audit,Supply Chain Lead,14 October 2018,4.9,True,0,B3
IBSH00028,Employee IBSH00028,Finance,Finance Controller,31 July 2022,3.3,True,2,B3
IBSH00029,Employee IBSH00029,Supply Chain,Supply Chain Lead,14 December 2019,4.0,True,1,B3
IBSH00030,Employee IBSH00030,Finance,Finance Controller,10 May 2020,3.6,True,3,B3
IBSH00031,Employee IBSH00031,HR,Legal Counsel,25 September 2023,3.7,False,3,B2
IBSH00032,Employee IBSH00032,IT,Risk Analyst,18 January 2019,4.5,True,0,B2
IBSH00033,Employee IBSH00033,Legal,Vendor Manager,11 April 2018,2.6,True,2,B4
IBSH00034,Employee IBSH00034,Supply Chain,Legal Counsel,22 April 2022,3.7,False,0,B2
IBSH00035,Employee IBSH00035,Compliance,Supply Chain Lead,15 June 2020,2.9,True,1,B4
IBSH00036,Employee IBSH00036,Compliance,HR Manager,1 July 2019,4.5,True,0,B3
IBSH00037,Employee IBSH00037,IT,HR Manager,14 October 2019,4.4,False,3,B4
IBSH00038,Employee IBSH00038,Legal,Finance Controller,6 November 2023,3.7,True,3,B2
IBSH00039,Employee IBSH00039,Compliance,Finance Controller,18 August 2020,3.2,False,2,B3
IBSH00040,Employee IBSH00040,Vendor Management,Legal Counsel,18 April 2022,4.2,True,0,B2
IBSH00041,Employee IBSH00041,Supply Chain,Risk Analyst,24 March 2023,3.5,False,0,B2
IBSH00042,Employee IBSH00042,Operations,Procurement Manager,8 April 2022,3.7,False,3,B3
IBSH00043,Employee IBSH00043,Supply Chain,Legal Counsel,23 June 2023,3.0,False,2,B4
IBSH00044,Employee IBSH00044,Supply Chain,Risk Analyst,15 July 2022,4.3,True,3,B4
IBSH00045,Employee IBSH00045,Supply Chain,Procurement Manager,10 December 2018,4.1,True,1,B2
IBSH00046,Employee IBSH00046,Procurement,Finance Controller,2 April 2022,3.3,True,3,B4
IBSH00047,Employee IBSH00047,Supply Chain,Finance Controller,23 September 2022,3.1,True,2,B1
IBSH00048,Employee IBSH00048,IT,Procurement Manager,4 December 2021,3.1,True,3,B1
IBSH00049,Employee IBSH00049,Legal,Legal Counsel,25 March 2018,4.1,True,0,B2
IBSH00050,Employee IBSH00050,Compliance,Legal Counsel,20 March 2023,4.2,False,1,B3
IBSH00051,Employee IBSH00051,Vendor Management,Finance Controller,19 March 2019,3.9,True,1,B3
IBSH00052,Employee IBSH00052,Legal,Compliance Officer,21 September 2020,2.8,False,3,B3
IBSH00053,Employee IBSH00053,Risk & Audit,Supply Chain Lead,26 February 2022,2.7,True,0,B3
IBSH00054,Employee IBSH00054,HR,Compliance Officer,11 November 2022,4.9,False,0,B4
IBSH00055,Employee IBSH00055,Vendor Management,Finance Controller,4 June 2023,3.7,False,1,B3
IBSH00056,Employee IBSH00056,Compliance,Finance Controller,21 January 2023,3.1,True,2,B4
IBSH00057,Employee IBSH00057,Procurement,HR Manager,24 August 2021,3.0,True,3,B2
IBSH00058,Employee IBSH00058,Risk & Audit,Finance Controller,5 February 2021,3.9,True,2,B2
IBSH00059,Employee IBSH00059,Supply Chain,HR Manager,11 September 2020,4.2,True,0,B4
IBSH00060,Employee IBSH00060,Compliance,Finance Controller,26 June 2020,3.5,True,3,B2
IBSH00061,Employee IBSH00061,HR,Risk Analyst,9 October 2022,5.0,True,2,B3
IBSH00062,Employee IBSH00062,Finance,Finance Controller,26 October 2020,3.1,False,2,B2
IBSH00063,Employee IBSH00063,IT,Vendor Manager,24 February 2020,3.0,True,2,B4
IBSH00064,Employee IBSH00064,Compliance,Legal Counsel,28 April 2021,3.1,True,2,B2
IBSH00065,Employee IBSH00065,IT,Vendor Manager,28 January 2021,2.6,True,2,B1
IBSH00066,Employee IBSH00066,HR,Compliance Officer,20 February 2018,3.9,True,2,B4
IBSH00067,Employee IBSH00067,Risk & Audit,Vendor Manager,30 July 2018,3.1,False,3,B4
IBSH00068,Employee IBSH00068,Supply Chain,HR Manager,31 October 2018,3.9,True,0,B1
IBSH00069,Employee IBSH00069,Operations,Finance Controller,15 December 2018,5.0,True,1,B1
IBSH00070,Employee IBSH00070,IT,Supply Chain Lead,20 January 2023,4.8,True,3,B3
IBSH00071,Employee IBSH00071,Operations,Procurement Manager,11 February 2019,4.9,True,3,B2
IBSH00072,Employee IBSH00072,Compliance,Vendor Manager,9 September 2020,2.9,True,1,B1
IBSH00073,Employee IBSH00073,Supply Chain,HR Manager,9 April 2023,3.2,True,1,B2
IBSH00074,Employee IBSH00074,HR,Compliance Officer,14 August 2020,4.8,True,2,B2
IBSH00075,Employee IBSH00075,IT,Legal Counsel,3 September 2019,4.8,True,3,B2
IBSH00076,Employee IBSH00076,Vendor Management,Finance Controller,28 March 2021,3.6,True,0,B4
IBSH00077,Employee IBSH00077,Finance,HR Manager,29 November 2022,2.7,False,2,B1
IBSH00078,Employee IBSH00078,Operations,Finance Controller,16 April 2018,2.7,True,3,B1
IBSH00079,Employee IBSH00079,Vendor Management,HR Manager,27 October 2023,4.1,True,2,B3
IBSH00080,Employee IBSH00080,HR,Compliance Officer,10 April 2023,3.4,False,1,B3
IBSH00081,Employee IBSH00081,Vendor Management,Risk Analyst,14 August 2022,4.2,True,2,B3
IBSH00082,Employee IBSH00082,HR,Compliance Officer,12 July 2021,3.1,True,3,B1
IBSH00083,Employee IBSH00083,IT,HR Manager,20 August 2022,2.6,True,3,B3
IBSH00084,Employee IBSH00084,Procurement,Legal Counsel,29 December 2020,3.9,False,3,B3
IBSH00085,Employee IBSH00085,Compliance,Procurement Manager,7 September 2020,4.3,False,3,B3
IBSH00086,Employee IBSH00086,Compliance,Legal Counsel,10 April 2019,3.7,False,0,B1
IBSH00087,Employee IBSH00087,Finance,Finance Controller,29 August 2022,4.6,False,1,B4
IBSH00088,Employee IBSH00088,IT,Vendor Manager,21 April 2022,3.0,False,1,B2
IBSH00089,Employee IBSH00089,Supply Chain,Risk Analyst,11 September 2023,3.2,True,0,B1
IBSH00090,Employee IBSH00090,Operations,HR Manager,1 September 2019,3.6,True,2,B4
IBSH00091,Employee IBSH00091,IT,Supply Chain Lead,9 February 2023,4.8,True,2,B2
IBSH00092,Employee IBSH00092,Legal,Supply Chain Lead,28 June 2018,3.3,False,1,B4
IBSH00093,Employee IBSH00093,Vendor Management,HR Manager,1 June 2018,2.8,False,3,B3
IBSH00094,Employee IBSH00094,Compliance,HR Manager,4 March 2018,4.3,False,0,B4
IBSH00095,Employee IBSH00095,HR,Finance Controller,18 October 2021,4.1,True,1,B4
IBSH00096,Employee IBSH00096,IT,Supply Chain Lead,21 July 2021,4.1,True,0,B4
IBSH00097,Employee IBSH00097,Legal,Finance Controller,20 July 2020,4.4,True,0,B4
IBSH00098,Employee IBSH00098,HR,Vendor Manager,11 May 2021,4.8,True,0,B1
IBSH00099,Employee IBSH00099,Finance,Risk Analyst,16 March 2022,3.6,True,2,B2
IBSH00100,Employee IBSH00100,Vendor Management,Vendor Manager,20 November 2018,4.0,True,3,B4
