Incident_ID,Date,Department,Incident_Type,Severity,Resolved,Financial_Impact_INR,Vendor_ID,Employee_ID,Description
INC000001,31 December 2025,Supply Chain,Policy Violation,HIGH,False," 647,958.00 ",IV0029,IBSH00039,Sample incident INC000001
INC000002,29 March 2026,Compliance,Vendor Risk,HIGH,False," 739,245.00 ",IV0041,IBSH00028,Sample incident INC000002
INC000003,14 October 2025,Procurement,Audit Finding,HIGH,False," 264,137.00 ",IV0029,IBSH00089,Sample incident INC000003
INC000004,1 April 2026,HR,Contract Non-Compliance,CRITICAL,False," 396,452.00 ",IV0044,IBSH00030,Sample incident INC000004
INC000005,14 October 2025,IT,Vendor Risk,CRITICAL,False," 220,352.00 ",IV0042,IBSH00020,Sample incident INC000005
INC000006,15 October 2025,Operations,Payment Delay,CRITICAL,False," 723,949.00 ",IV0029,IBSH00016,Sample incident INC000006
INC000007,26 January 2026,Compliance,Approval Delay,CRITICAL,False," 559,024.00 ",IV0028,IBSH00095,Sample incident INC000007
INC000008,13 November 2025,Operations,Approval Delay,HIGH,False," 703,140.00 ",IV0049,IBSH00087,Sample incident INC000008
INC000009,16 October 2025,HR,Payment Delay,CRITICAL,False," 644,174.00 ",IV0012,IBSH00075,Sample incident INC000009
INC000010,10 January 2026,Risk & Audit,Training Overdue,CRITICAL,False," 528,185.00 ",IV0043,IBSH00014,Sample incident INC000010
INC000011,22 August 2025,Supply Chain,Data Quality,CRITICAL,False," 794,770.00 ",IV0003,IBSH00059,Sample incident INC000011
INC000012,16 July 2025,Procurement,Data Quality,CRITICAL,False," 639,594.00 ",IV0030,IBSH00053,Sample incident INC000012
INC000013,28 June 2025,HR,Approval Delay,CRITICAL,False," 755,789.00 ",IV0014,IBSH00035,Sample incident INC000013
INC000014,9 March 2026,Procurement,Vendor Risk,CRITICAL,False," 227,325.00 ",IV0046,IBSH00021,Sample incident INC000014
INC000015,7 November 2025,Compliance,Policy Violation,HIGH,False," 335,616.00 ",IV0008,IBSH00083,Sample incident INC000015
INC000016,18 August 2025,HR,Policy Violation,CRITICAL,False," 535,674.00 ",IV0016,IBSH00059,Sample incident INC000016
INC000017,10 March 2026,Finance,Audit Finding,HIGH,False," 173,202.00 ",IV0022,IBSH00065,Sample incident INC000017
INC000018,15 October 2025,HR,Data Quality,CRITICAL,False," 255,814.00 ",IV0031,IBSH00045,Sample incident INC000018
INC000019,18 November 2025,Legal,Vendor Risk,CRITICAL,False," 437,409.00 ",IV0037,IBSH00050,Sample incident INC000019
INC000020,28 September 2025,Supply Chain,PO Expiry,CRITICAL,False," 499,750.00 ",IV0032,IBSH00005,Sample incident INC000020
INC000021,4 August 2025,Compliance,Data Quality,HIGH,False," 561,695.00 ",IV0030,IBSH00002,Sample incident INC000021
INC000022,13 August 2025,Finance,Training Overdue,HIGH,False," 592,297.00 ",IV0040,IBSH00089,Sample incident INC000022
INC000023,21 December 2025,HR,Data Quality,CRITICAL,False," 432,044.00 ",IV0003,IBSH00080,Sample incident INC000023
INC000024,6 July 2025,Supply Chain,Contract Non-Compliance,HIGH,False," 194,770.00 ",IV0049,IBSH00082,Sample incident INC000024
INC000025,22 July 2025,Risk & Audit,Approval Delay,HIGH,False," 148,226.00 ",IV0019,IBSH00046,Sample incident INC000025
INC000026,9 December 2025,Vendor Management,PO Expiry,CRITICAL,False," 693,419.00 ",IV0012,IBSH00011,Sample incident INC000026
INC000027,9 April 2026,Vendor Management,Vendor Risk,CRITICAL,False," 711,485.00 ",IV0030,IBSH00082,Sample incident INC000027
INC000028,9 October 2025,IT,PO Expiry,CRITICAL,False," 401,604.00 ",IV0005,IBSH00057,Sample incident INC000028
INC000029,24 November 2025,Finance,Vendor Risk,CRITICAL,False," 579,028.00 ",IV0025,IBSH00062,Sample incident INC000029
INC000030,25 July 2025,Procurement,Audit Finding,CRITICAL,False," 409,572.00 ",IV0018,IBSH00002,Sample incident INC000030
INC000031,17 March 2026,Legal,Training Overdue,CRITICAL,False," 400,097.00 ",IV0015,IBSH00082,Sample incident INC000031
INC000032,6 September 2025,Compliance,Approval Delay,HIGH,False," 758,766.00 ",IV0020,IBSH00057,Sample incident INC000032
INC000033,18 June 2025,Risk & Audit,Audit Finding,HIGH,False," 409,446.00 ",IV0012,IBSH00026,Sample incident INC000033
INC000034,7 August 2025,Finance,Policy Violation,CRITICAL,False," 272,538.00 ",,IBSH00038,Sample incident INC000034
INC000035,21 November 2025,Supply Chain,Data Quality,HIGH,False," 336,575.00 ",IV0024,IBSH00012,Sample incident INC000035
INC000036,20 December 2025,Finance,Audit Finding,CRITICAL,False," 486,491.00 ",IV0041,IBSH00048,Sample incident INC000036
INC000037,26 July 2025,Legal,Contract Non-Compliance,CRITICAL,False," 739,718.00 ",IV0041,IBSH00060,Sample incident INC000037
INC000038,2 November 2025,HR,Contract Non-Compliance,HIGH,False," 419,150.00 ",IV0007,IBSH00031,Sample incident INC000038
INC000039,3 March 2026,Vendor Management,Audit Finding,CRITICAL,False," 715,871.00 ",IV0042,IBSH00013,Sample incident INC000039
INC000040,6 February 2026,Legal,Policy Violation,HIGH,False," 488,529.00 ",IV0029,IBSH00031,Sample incident INC000040
INC000041,3 December 2025,Supply Chain,Payment Delay,CRITICAL,False," 163,492.00 ",IV0013,IBSH00016,Sample incident INC000041
INC000042,19 January 2026,Risk & Audit,Vendor Risk,HIGH,False," 153,036.00 ",IV0009,IBSH00073,Sample incident INC000042
INC000043,14 September 2025,Legal,Vendor Risk,HIGH,False," 714,868.00 ",IV0022,IBSH00100,Sample incident INC000043
INC000044,15 August 2025,Finance,PO Expiry,HIGH,False," 666,457.00 ",IV0008,IBSH00085,Sample incident INC000044
INC000045,14 June 2025,Vendor Management,Payment Delay,CRITICAL,False," 116,548.00 ",IV0004,IBSH00017,Sample incident INC000045
INC000046,2 January 2026,Risk & Audit,Data Quality,CRITICAL,False," 570,051.00 ",IV0038,IBSH00014,Sample incident INC000046
INC000047,18 January 2026,IT,Payment Delay,HIGH,False," 790,910.00 ",IV0030,IBSH00083,Sample incident INC000047
INC000048,16 June 2025,HR,Policy Violation,CRITICAL,False," 213,207.00 ",IV0005,IBSH00011,Sample incident INC000048
INC000049,12 November 2025,Operations,Data Quality,CRITICAL,False," 754,645.00 ",IV0046,IBSH00042,Sample incident INC000049
INC000050,13 December 2025,Compliance,Data Quality,CRITICAL,False," 203,997.00 ",IV0047,IBSH00028,Sample incident INC000050
INC000051,7 January 2026,Supply Chain,Audit Finding,CRITICAL,False," 575,529.00 ",IV0047,IBSH00013,Sample incident INC000051
INC000052,8 November 2025,HR,Contract Non-Compliance,CRITICAL,False," 260,054.00 ",IV0006,IBSH00011,Sample incident INC000052
INC000053,18 July 2025,IT,Approval Delay,CRITICAL,False," 236,436.00 ",IV0038,IBSH00072,Sample incident INC000053
INC000054,15 March 2026,Supply Chain,Approval Delay,CRITICAL,False," 797,661.00 ",IV0019,IBSH00077,Sample incident INC000054
INC000055,7 November 2025,HR,Vendor Risk,HIGH,False," 262,247.00 ",IV0007,IBSH00045,Sample incident INC000055
INC000056,12 March 2026,IT,Data Quality,HIGH,False," 549,957.00 ",IV0002,IBSH00078,Sample incident INC000056
INC000057,3 May 2026,Risk & Audit,Approval Delay,CRITICAL,False," 456,332.00 ",IV0012,IBSH00019,Sample incident INC000057
INC000058,17 March 2026,IT,Vendor Risk,HIGH,False," 196,215.00 ",IV0025,IBSH00054,Sample incident INC000058
INC000059,19 January 2026,Operations,Contract Non-Compliance,CRITICAL,False," 695,165.00 ",IV0004,IBSH00020,Sample incident INC000059
INC000060,20 August 2025,Supply Chain,Policy Violation,CRITICAL,False," 564,638.00 ",IV0039,IBSH00057,Sample incident INC000060
INC000061,30 December 2025,Supply Chain,Contract Non-Compliance,HIGH,False," 461,940.00 ",IV0019,IBSH00087,Sample incident INC000061
INC000062,14 May 2026,Legal,Audit Finding,CRITICAL,False," 147,624.00 ",IV0039,IBSH00008,Sample incident INC000062
INC000063,4 June 2025,Finance,Training Overdue,HIGH,False," 367,932.00 ",IV0008,IBSH00001,Sample incident INC000063
INC000064,10 February 2026,IT,Training Overdue,HIGH,False," 624,564.00 ",IV0005,IBSH00051,Sample incident INC000064
INC000065,22 June 2025,Supply Chain,Audit Finding,CRITICAL,False," 703,728.00 ",IV0046,IBSH00082,Sample incident INC000065
INC000066,31 December 2025,Operations,Policy Violation,CRITICAL,False," 280,223.00 ",IV0045,IBSH00047,Sample incident INC000066
INC000067,16 July 2025,Supply Chain,Data Quality,CRITICAL,False," 717,477.00 ",IV0006,IBSH00051,Sample incident INC000067
INC000068,6 November 2025,Compliance,Data Quality,HIGH,False," 635,281.00 ",IV0033,IBSH00025,Sample incident INC000068
INC000069,26 November 2025,Compliance,PO Expiry,HIGH,False," 347,746.00 ",IV0017,IBSH00026,Sample incident INC000069
INC000070,28 August 2025,HR,Policy Violation,HIGH,False," 285,752.00 ",IV0049,IBSH00073,Sample incident INC000070
INC000071,24 March 2026,Risk & Audit,PO Expiry,CRITICAL,False," 757,686.00 ",IV0029,IBSH00009,Sample incident INC000071
INC000072,27 January 2026,IT,Contract Non-Compliance,HIGH,False," 469,039.00 ",IV0020,IBSH00060,Sample incident INC000072
INC000073,18 January 2026,Compliance,Data Quality,HIGH,False," 775,982.00 ",IV0025,IBSH00060,Sample incident INC000073
INC000074,25 March 2026,Operations,Vendor Risk,HIGH,False," 571,580.00 ",IV0021,IBSH00078,Sample incident INC000074
INC000075,30 January 2026,Risk & Audit,Contract Non-Compliance,CRITICAL,False," 208,530.00 ",IV0033,IBSH00083,Sample incident INC000075
INC000076,28 August 2025,IT,PO Expiry,CRITICAL,False," 649,526.00 ",IV0024,IBSH00048,Sample incident INC000076
INC000077,23 October 2025,Risk & Audit,Contract Non-Compliance,HIGH,False," 761,533.00 ",IV0022,IBSH00013,Sample incident INC000077
INC000078,13 March 2026,Compliance,PO Expiry,HIGH,False," 449,556.00 ",IV0023,IBSH00040,Sample incident INC000078
INC000079,2 May 2026,IT,Audit Finding,HIGH,False," 424,621.00 ",IV0042,IBSH00043,Sample incident INC000079
INC000080,5 August 2025,Risk & Audit,Approval Delay,CRITICAL,False," 633,189.00 ",IV0024,IBSH00040,Sample incident INC000080
INC000081,1 September 2025,Vendor Management,PO Expiry,HIGH,False," 337,548.00 ",IV0005,IBSH00038,Sample incident INC000081
INC000082,22 July 2025,Risk & Audit,PO Expiry,HIGH,False," 794,084.00 ",IV0039,IBSH00049,Sample incident INC000082
INC000083,18 August 2025,Procurement,Audit Finding,HIGH,False," 558,934.00 ",IV0024,IBSH00087,Sample incident INC000083
INC000084,30 September 2025,IT,Vendor Risk,CRITICAL,False," 345,370.00 ",IV0020,IBSH00061,Sample incident INC000084
INC000085,8 September 2025,Finance,Audit Finding,CRITICAL,False," 584,107.00 ",IV0033,IBSH00068,Sample incident INC000085
INC000086,1 January 2026,Procurement,Policy Violation,HIGH,False," 362,148.00 ",IV0024,IBSH00071,Sample incident INC000086
INC000087,23 July 2025,Finance,Policy Violation,HIGH,False," 268,100.00 ",IV0033,IBSH00019,Sample incident INC000087
INC000088,10 January 2026,Procurement,Audit Finding,CRITICAL,False," 466,567.00 ",IV0004,IBSH00051,Sample incident INC000088
INC000089,13 February 2026,Procurement,Training Overdue,CRITICAL,False," 335,446.00 ",IV0007,IBSH00092,Sample incident INC000089
INC000090,29 April 2026,HR,PO Expiry,HIGH,False," 400,815.00 ",IV0049,IBSH00091,Sample incident INC000090
INC000091,27 January 2026,Legal,PO Expiry,HIGH,False," 368,356.00 ",IV0036,IBSH00094,Sample incident INC000091
INC000092,8 April 2026,Compliance,Approval Delay,HIGH,False," 415,780.00 ",IV0016,IBSH00054,Sample incident INC000092
INC000093,24 April 2026,IT,Approval Delay,CRITICAL,False," 725,727.00 ",IV0041,IBSH00066,Sample incident INC000093
INC000094,22 March 2026,Operations,Training Overdue,CRITICAL,False," 101,641.00 ",IV0016,IBSH00074,Sample incident INC000094
INC000095,31 December 2025,IT,Data Quality,CRITICAL,False," 170,967.00 ",IV0033,IBSH00065,Sample incident INC000095
INC000096,11 March 2026,Supply Chain,Training Overdue,HIGH,False," 766,550.00 ",IV0017,IBSH00096,Sample incident INC000096
INC000097,9 June 2025,Compliance,Training Overdue,HIGH,False," 789,024.00 ",IV0009,IBSH00006,Sample incident INC000097
INC000098,28 November 2025,HR,PO Expiry,HIGH,False," 587,193.00 ",,IBSH00018,Sample incident INC000098
INC000099,3 July 2025,Procurement,Training Overdue,HIGH,False," 309,160.00 ",IV0020,IBSH00066,Sample incident INC000099
INC000100,21 December 2025,Risk & Audit,Approval Delay,HIGH,False," 400,010.00 ",IV0042,IBSH00043,Sample incident INC000100
INC000101,18 October 2025,Supply Chain,Training Overdue,CRITICAL,False," 561,098.00 ",IV0012,IBSH00064,Sample incident INC000101
INC000102,10 February 2026,Supply Chain,Contract Non-Compliance,CRITICAL,False," 186,625.00 ",IV0028,IBSH00078,Sample incident INC000102
INC000103,1 September 2025,Finance,Payment Delay,HIGH,False," 443,849.00 ",IV0029,IBSH00078,Sample incident INC000103
INC000104,5 January 2026,Risk & Audit,Audit Finding,CRITICAL,False," 144,413.00 ",IV0018,IBSH00082,Sample incident INC000104
INC000105,30 June 2025,Vendor Management,Approval Delay,CRITICAL,False," 638,010.00 ",IV0010,IBSH00078,Sample incident INC000105
INC000106,14 May 2026,Risk & Audit,Training Overdue,HIGH,False," 776,503.00 ",IV0025,IBSH00073,Sample incident INC000106
INC000107,17 June 2025,HR,Contract Non-Compliance,CRITICAL,False," 490,085.00 ",IV0037,IBSH00018,Sample incident INC000107
INC000108,27 February 2026,Compliance,Approval Delay,CRITICAL,False," 361,737.00 ",IV0048,IBSH00024,Sample incident INC000108
INC000109,11 February 2026,Finance,Policy Violation,HIGH,False," 374,493.00 ",IV0014,IBSH00079,Sample incident INC000109
INC000110,25 October 2025,Vendor Management,Policy Violation,HIGH,False," 574,002.00 ",IV0006,IBSH00088,Sample incident INC000110
INC000111,11 November 2025,Vendor Management,PO Expiry,CRITICAL,False," 414,528.00 ",,IBSH00047,Sample incident INC000111
INC000112,16 February 2026,HR,Approval Delay,HIGH,False," 348,236.00 ",IV0024,IBSH00071,Sample incident INC000112
INC000113,21 March 2026,Compliance,Contract Non-Compliance,HIGH,False," 741,675.00 ",IV0020,IBSH00051,Sample incident INC000113
INC000114,1 February 2026,Risk & Audit,Contract Non-Compliance,HIGH,False," 231,415.00 ",IV0029,IBSH00060,Sample incident INC000114
INC000115,15 May 2026,Supply Chain,Data Quality,HIGH,False," 235,301.00 ",IV0004,IBSH00016,Sample incident INC000115
INC000116,21 February 2026,Risk & Audit,Data Quality,CRITICAL,False," 336,423.00 ",IV0019,IBSH00011,Sample incident INC000116
INC000117,7 October 2025,Finance,Data Quality,CRITICAL,False," 231,251.00 ",IV0006,IBSH00065,Sample incident INC000117
INC000118,25 April 2026,Operations,Training Overdue,HIGH,False," 279,517.00 ",IV0037,IBSH00006,Sample incident INC000118
INC000119,15 June 2025,Legal,Audit Finding,CRITICAL,False," 782,760.00 ",IV0040,IBSH00082,Sample incident INC000119
INC000120,16 June 2025,Finance,Policy Violation,CRITICAL,False," 773,089.00 ",IV0016,IBSH00088,Sample incident INC000120
INC000121,25 December 2025,HR,Audit Finding,HIGH,False," 265,760.00 ",IV0031,IBSH00060,Sample incident INC000121
INC000122,13 September 2025,Supply Chain,PO Expiry,CRITICAL,False," 462,148.00 ",IV0049,IBSH00048,Sample incident INC000122
INC000123,19 February 2026,Finance,Policy Violation,CRITICAL,False," 228,474.00 ",IV0016,IBSH00019,Sample incident INC000123
INC000124,20 July 2025,Vendor Management,Training Overdue,CRITICAL,False," 360,331.00 ",IV0037,IBSH00093,Sample incident INC000124
INC000125,8 November 2025,Finance,Policy Violation,CRITICAL,False," 622,988.00 ",IV0002,IBSH00012,Sample incident INC000125
INC000126,19 December 2025,Risk & Audit,Approval Delay,HIGH,False," 711,681.00 ",IV0004,IBSH00037,Sample incident INC000126
INC000127,9 February 2026,IT,Approval Delay,CRITICAL,False," 399,629.00 ",IV0007,IBSH00056,Sample incident INC000127
INC000128,8 August 2025,Supply Chain,Approval Delay,CRITICAL,False," 147,441.00 ",IV0037,IBSH00072,Sample incident INC000128
INC000129,8 September 2025,HR,Data Quality,CRITICAL,False," 628,751.00 ",IV0018,IBSH00080,Sample incident INC000129
INC000130,15 May 2026,Risk & Audit,Data Quality,CRITICAL,False," 491,327.00 ",IV0024,IBSH00097,Sample incident INC000130
INC000131,13 August 2025,Procurement,PO Expiry,HIGH,False," 147,505.00 ",IV0046,IBSH00043,Sample incident INC000131
INC000132,29 January 2026,Operations,Training Overdue,HIGH,False," 443,898.00 ",IV0011,IBSH00051,Sample incident INC000132
INC000133,12 April 2026,Finance,Policy Violation,CRITICAL,False," 690,269.00 ",IV0002,IBSH00048,Sample incident INC000133
INC000134,17 November 2025,Procurement,Policy Violation,CRITICAL,False," 759,828.00 ",IV0017,IBSH00084,Sample incident INC000134
INC000135,24 March 2026,IT,Audit Finding,CRITICAL,False," 278,795.00 ",IV0010,IBSH00088,Sample incident INC000135
INC000136,3 October 2025,Procurement,Policy Violation,HIGH,False," 300,052.00 ",IV0021,IBSH00054,Sample incident INC000136
INC000137,17 August 2025,Vendor Management,Data Quality,CRITICAL,False," 165,307.00 ",IV0014,IBSH00072,Sample incident INC000137
INC000138,14 November 2025,IT,Training Overdue,HIGH,False," 581,993.00 ",IV0035,IBSH00046,Sample incident INC000138
INC000139,13 May 2026,IT,Payment Delay,HIGH,False," 392,560.00 ",IV0015,IBSH00039,Sample incident INC000139
INC000140,26 October 2025,Risk & Audit,Data Quality,CRITICAL,False," 603,111.00 ",,IBSH00093,Sample incident INC000140
INC000141,19 October 2025,Risk & Audit,PO Expiry,CRITICAL,False," 513,698.00 ",IV0019,IBSH00006,Sample incident INC000141
INC000142,26 October 2025,Legal,Vendor Risk,CRITICAL,False," 602,352.00 ",IV0035,IBSH00035,Sample incident INC000142
INC000143,15 March 2026,Procurement,Data Quality,HIGH,False," 354,236.00 ",IV0015,IBSH00082,Sample incident INC000143
INC000144,28 September 2025,Vendor Management,Approval Delay,CRITICAL,False," 205,429.00 ",IV0036,IBSH00021,Sample incident INC000144
INC000145,26 December 2025,Finance,Approval Delay,CRITICAL,False," 436,769.00 ",IV0050,IBSH00012,Sample incident INC000145
INC000146,30 April 2026,Supply Chain,PO Expiry,HIGH,False," 283,569.00 ",IV0003,IBSH00051,Sample incident INC000146
INC000147,9 February 2026,Finance,Contract Non-Compliance,HIGH,False," 109,718.00 ",IV0022,IBSH00037,Sample incident INC000147
INC000148,19 January 2026,Legal,Contract Non-Compliance,CRITICAL,False," 386,091.00 ",IV0022,IBSH00021,Sample incident INC000148
INC000149,21 January 2026,Operations,Vendor Risk,CRITICAL,False," 409,356.00 ",IV0012,IBSH00079,Sample incident INC000149
INC000150,24 April 2026,Supply Chain,Contract Non-Compliance,CRITICAL,False," 190,952.00 ",IV0012,IBSH00018,Sample incident INC000150
INC000151,31 January 2026,Finance,Audit Finding,HIGH,True," 17,161.00 ",IV0016,IBSH00058,Sample incident INC000151
INC000152,15 October 2025,Operations,Approval Delay,LOW,True," 767,997.00 ",IV0017,IBSH00084,Sample incident INC000152
INC000153,2 December 2025,HR,Payment Delay,LOW,True," 133,967.00 ",IV0011,IBSH00052,Sample incident INC000153
INC000154,13 February 2026,Finance,Training Overdue,MEDIUM,True," 679,737.00 ",IV0040,IBSH00029,Sample incident INC000154
INC000155,21 September 2025,Operations,Training Overdue,MEDIUM,True," 487,079.00 ",IV0027,IBSH00090,Sample incident INC000155
INC000156,9 March 2026,Legal,Vendor Risk,HIGH,True," 706,353.00 ",IV0044,IBSH00097,Sample incident INC000156
INC000157,2 April 2026,Risk & Audit,Contract Non-Compliance,MEDIUM,True," 563,829.00 ",IV0037,IBSH00015,Sample incident INC000157
INC000158,2 July 2025,Operations,Data Quality,HIGH,False," 221,976.00 ",IV0010,IBSH00022,Sample incident INC000158
INC000159,15 November 2025,Legal,Policy Violation,MEDIUM,False," 723,341.00 ",IV0006,IBSH00066,Sample incident INC000159
INC000160,15 January 2026,Supply Chain,Policy Violation,MEDIUM,True," 548,179.00 ",IV0037,IBSH00008,Sample incident INC000160
INC000161,14 March 2026,Procurement,Audit Finding,MEDIUM,True," 333,139.00 ",IV0017,IBSH00001,Sample incident INC000161
INC000162,20 September 2025,Risk & Audit,Contract Non-Compliance,LOW,False," 454,278.00 ",IV0035,IBSH00008,Sample incident INC000162
INC000163,6 July 2025,Vendor Management,PO Expiry,LOW,True," 438,728.00 ",IV0050,IBSH00083,Sample incident INC000163
INC000164,27 April 2026,HR,Audit Finding,LOW,True," 411,058.00 ",IV0025,IBSH00011,Sample incident INC000164
INC000165,16 May 2026,Compliance,PO Expiry,LOW,False," 374,663.00 ",IV0035,IBSH00051,Sample incident INC000165
INC000166,26 February 2026,Procurement,Approval Delay,MEDIUM,True," 243,507.00 ",IV0020,IBSH00060,Sample incident INC000166
INC000167,11 May 2026,Legal,Vendor Risk,MEDIUM,False," 407,700.00 ",IV0030,IBSH00045,Sample incident INC000167
INC000168,19 August 2025,Compliance,Approval Delay,LOW,True," 770,242.00 ",,IBSH00085,Sample incident INC000168
INC000169,1 January 2026,Legal,Vendor Risk,HIGH,False," 26,405.00 ",IV0005,IBSH00013,Sample incident INC000169
INC000170,1 April 2026,Procurement,Vendor Risk,MEDIUM,True," 714,667.00 ",IV0048,IBSH00006,Sample incident INC000170
INC000171,23 December 2025,Procurement,PO Expiry,LOW,True," 237,823.00 ",IV0033,IBSH00038,Sample incident INC000171
INC000172,28 September 2025,Risk & Audit,Vendor Risk,LOW,False," 636,962.00 ",IV0020,IBSH00019,Sample incident INC000172
INC000173,5 May 2026,Finance,Approval Delay,LOW,False," 325,098.00 ",IV0036,IBSH00076,Sample incident INC000173
INC000174,29 August 2025,Risk & Audit,Audit Finding,MEDIUM,True," 59,161.00 ",,IBSH00068,Sample incident INC000174
INC000175,11 November 2025,Supply Chain,PO Expiry,MEDIUM,True," 324,455.00 ",IV0049,IBSH00069,Sample incident INC000175
INC000176,29 January 2026,Vendor Management,Policy Violation,HIGH,True," 325,344.00 ",IV0004,IBSH00072,Sample incident INC000176
INC000177,29 December 2025,Supply Chain,Vendor Risk,MEDIUM,True," 150,606.00 ",IV0017,IBSH00027,Sample incident INC000177
INC000178,17 November 2025,Compliance,Data Quality,HIGH,True," 399,102.00 ",IV0047,IBSH00025,Sample incident INC000178
INC000179,27 June 2025,Operations,Approval Delay,LOW,True," 644,356.00 ",IV0005,IBSH00025,Sample incident INC000179
INC000180,28 March 2026,Risk & Audit,Payment Delay,LOW,False," 229,036.00 ",IV0001,IBSH00028,Sample incident INC000180
INC000181,6 September 2025,Legal,Vendor Risk,MEDIUM,True," 512,184.00 ",IV0026,IBSH00031,Sample incident INC000181
INC000182,10 March 2026,HR,Data Quality,HIGH,True," 409,152.00 ",IV0042,IBSH00046,Sample incident INC000182
INC000183,5 November 2025,HR,Contract Non-Compliance,LOW,True," 531,433.00 ",,IBSH00093,Sample incident INC000183
INC000184,27 January 2026,Risk & Audit,Audit Finding,HIGH,True," 398,712.00 ",IV0003,IBSH00073,Sample incident INC000184
INC000185,22 September 2025,Operations,Audit Finding,LOW,True," 590,189.00 ",IV0019,IBSH00020,Sample incident INC000185
INC000186,9 September 2025,Legal,Policy Violation,LOW,True," 607,467.00 ",IV0036,IBSH00084,Sample incident INC000186
INC000187,20 November 2025,HR,Policy Violation,HIGH,True," 522,356.00 ",IV0011,IBSH00094,Sample incident INC000187
INC000188,28 November 2025,HR,PO Expiry,LOW,True," 583,095.00 ",IV0035,IBSH00083,Sample incident INC000188
INC000189,1 July 2025,Procurement,Approval Delay,LOW,False," 87,941.00 ",IV0027,IBSH00018,Sample incident INC000189
INC000190,19 April 2026,Procurement,Vendor Risk,LOW,True," 168,366.00 ",IV0033,IBSH00059,Sample incident INC000190
INC000191,9 December 2025,Operations,Policy Violation,MEDIUM,True," 709,143.00 ",IV0043,IBSH00063,Sample incident INC000191
INC000192,9 June 2025,Procurement,Approval Delay,MEDIUM,True," 441,319.00 ",IV0034,IBSH00093,Sample incident INC000192
INC000193,19 October 2025,IT,Audit Finding,CRITICAL,False," 27,975.00 ",,IBSH00023,Sample incident INC000193
INC000194,25 July 2025,Legal,Data Quality,MEDIUM,True," 262,674.00 ",IV0017,IBSH00046,Sample incident INC000194
INC000195,15 October 2025,HR,Vendor Risk,LOW,True," 435,750.00 ",IV0045,IBSH00029,Sample incident INC000195
INC000196,1 November 2025,Procurement,Contract Non-Compliance,MEDIUM,True," 691,463.00 ",IV0026,IBSH00049,Sample incident INC000196
INC000197,11 December 2025,Procurement,PO Expiry,MEDIUM,False," 677,678.00 ",IV0006,IBSH00064,Sample incident INC000197
INC000198,9 January 2026,IT,Approval Delay,MEDIUM,True," 109,994.00 ",IV0015,IBSH00028,Sample incident INC000198
INC000199,18 March 2026,Finance,Data Quality,LOW,True," 87,959.00 ",IV0037,IBSH00085,Sample incident INC000199
INC000200,17 June 2025,Procurement,Vendor Risk,HIGH,True," 500,000.00 ",IV0038,IBSH00019,Sample incident INC000200
INC000201,21 December 2025,Legal,Audit Finding,LOW,True," 601,353.00 ",IV0044,IBSH00070,Sample incident INC000201
INC000202,17 November 2025,Compliance,Data Quality,HIGH,True," 156,748.00 ",IV0048,IBSH00045,Sample incident INC000202
INC000203,28 June 2025,Risk & Audit,Audit Finding,MEDIUM,True," 89,710.00 ",IV0050,IBSH00042,Sample incident INC000203
INC000204,16 June 2025,HR,Vendor Risk,HIGH,True," 482,436.00 ",IV0023,IBSH00071,Sample incident INC000204
INC000205,10 December 2025,Supply Chain,Contract Non-Compliance,LOW,True," 624,334.00 ",IV0050,IBSH00080,Sample incident INC000205
INC000206,30 October 2025,Finance,PO Expiry,MEDIUM,True," 96,023.00 ",IV0025,IBSH00092,Sample incident INC000206
INC000207,21 April 2026,Risk & Audit,Contract Non-Compliance,MEDIUM,True," 342,061.00 ",IV0006,IBSH00001,Sample incident INC000207
INC000208,5 November 2025,Compliance,PO Expiry,LOW,True," 292,870.00 ",IV0006,IBSH00024,Sample incident INC000208
INC000209,7 January 2026,Supply Chain,Contract Non-Compliance,MEDIUM,True," 547,333.00 ",IV0002,IBSH00012,Sample incident INC000209
INC000210,29 November 2025,Risk & Audit,Audit Finding,LOW,False," 637,094.00 ",IV0001,IBSH00038,Sample incident INC000210
INC000211,29 December 2025,IT,Vendor Risk,HIGH,True," 770,053.00 ",IV0037,IBSH00067,Sample incident INC000211
INC000212,26 August 2025,Finance,Payment Delay,LOW,True," 291,981.00 ",IV0032,IBSH00019,Sample incident INC000212
INC000213,3 July 2025,Finance,Policy Violation,MEDIUM,True," 451,557.00 ",,IBSH00010,Sample incident INC000213
INC000214,2 December 2025,HR,Vendor Risk,HIGH,True," 765,917.00 ",IV0030,IBSH00014,Sample incident INC000214
INC000215,9 August 2025,Risk & Audit,Audit Finding,LOW,True," 424,913.00 ",,IBSH00043,Sample incident INC000215
INC000216,12 January 2026,Operations,PO Expiry,MEDIUM,True," 692,661.00 ",IV0020,IBSH00042,Sample incident INC000216
INC000217,5 April 2026,Supply Chain,Training Overdue,MEDIUM,True," 196,266.00 ",IV0019,IBSH00095,Sample incident INC000217
INC000218,21 April 2026,Risk & Audit,Audit Finding,CRITICAL,True," 264,200.00 ",IV0018,IBSH00051,Sample incident INC000218
INC000219,4 December 2025,Operations,Data Quality,HIGH,True," 219,505.00 ",IV0012,IBSH00088,Sample incident INC000219
INC000220,9 March 2026,Legal,Policy Violation,CRITICAL,True," 494,045.00 ",,IBSH00038,Sample incident INC000220
INC000221,6 July 2025,Finance,Vendor Risk,MEDIUM,True," 155,939.00 ",IV0017,IBSH00085,Sample incident INC000221
INC000222,18 August 2025,HR,Policy Violation,HIGH,True," 87,558.00 ",IV0038,IBSH00052,Sample incident INC000222
INC000223,1 March 2026,Supply Chain,Data Quality,HIGH,False," 735,309.00 ",IV0003,IBSH00047,Sample incident INC000223
INC000224,2 March 2026,Compliance,Vendor Risk,MEDIUM,False," 99,110.00 ",IV0043,IBSH00086,Sample incident INC000224
INC000225,29 November 2025,Operations,Audit Finding,MEDIUM,True," 56,448.00 ",IV0049,IBSH00043,Sample incident INC000225
INC000226,7 January 2026,Legal,Data Quality,LOW,True," 281,306.00 ",IV0048,IBSH00067,Sample incident INC000226
INC000227,13 March 2026,HR,Training Overdue,MEDIUM,False," 241,768.00 ",IV0026,IBSH00060,Sample incident INC000227
INC000228,14 May 2026,Risk & Audit,Approval Delay,MEDIUM,False," 168,067.00 ",IV0031,IBSH00014,Sample incident INC000228
INC000229,30 October 2025,Compliance,PO Expiry,HIGH,True," 100,025.00 ",IV0023,IBSH00040,Sample incident INC000229
INC000230,23 November 2025,HR,Training Overdue,HIGH,True," 556,428.00 ",IV0031,IBSH00013,Sample incident INC000230
INC000231,11 January 2026,Procurement,Contract Non-Compliance,LOW,True," 324,849.00 ",IV0002,IBSH00044,Sample incident INC000231
INC000232,28 April 2026,Legal,Data Quality,MEDIUM,True," 182,337.00 ",IV0012,IBSH00071,Sample incident INC000232
INC000233,21 August 2025,Legal,Audit Finding,MEDIUM,True," 494,498.00 ",IV0041,IBSH00024,Sample incident INC000233
INC000234,4 September 2025,Operations,Vendor Risk,LOW,True," 783,207.00 ",IV0029,IBSH00076,Sample incident INC000234
INC000235,6 January 2026,Legal,Payment Delay,LOW,True," 235,230.00 ",IV0049,IBSH00091,Sample incident INC000235
INC000236,3 July 2025,Vendor Management,Training Overdue,LOW,False," 572,968.00 ",IV0021,IBSH00026,Sample incident INC000236
INC000237,21 January 2026,IT,Training Overdue,LOW,True," 523,261.00 ",IV0039,IBSH00050,Sample incident INC000237
INC000238,9 April 2026,Risk & Audit,Policy Violation,MEDIUM,True," 374,825.00 ",IV0040,IBSH00023,Sample incident INC000238
INC000239,11 May 2026,Compliance,PO Expiry,HIGH,True," 628,836.00 ",IV0021,IBSH00016,Sample incident INC000239
INC000240,1 October 2025,Vendor Management,Data Quality,LOW,True," 401,439.00 ",IV0025,IBSH00054,Sample incident INC000240
INC000241,2 April 2026,Vendor Management,Policy Violation,MEDIUM,True," 453,588.00 ",IV0041,IBSH00069,Sample incident INC000241
INC000242,27 April 2026,Finance,PO Expiry,MEDIUM,True," 523,426.00 ",IV0012,IBSH00041,Sample incident INC000242
INC000243,17 January 2026,Procurement,Policy Violation,LOW,False," 386,479.00 ",IV0009,IBSH00025,Sample incident INC000243
INC000244,14 December 2025,Supply Chain,Policy Violation,MEDIUM,False," 529,013.00 ",IV0027,IBSH00091,Sample incident INC000244
INC000245,14 January 2026,Procurement,Vendor Risk,LOW,True," 602,862.00 ",IV0019,IBSH00005,Sample incident INC000245
INC000246,19 October 2025,HR,Policy Violation,MEDIUM,True," 186,379.00 ",IV0036,IBSH00066,Sample incident INC000246
INC000247,28 July 2025,Risk & Audit,Data Quality,LOW,False," 579,488.00 ",IV0049,IBSH00006,Sample incident INC000247
INC000248,12 January 2026,Compliance,Vendor Risk,LOW,False," 455,807.00 ",IV0020,IBSH00005,Sample incident INC000248
INC000249,17 January 2026,HR,Contract Non-Compliance,LOW,True," 101,208.00 ",IV0050,IBSH00031,Sample incident INC000249
INC000250,16 September 2025,Operations,Audit Finding,MEDIUM,False," 500,000.00 ",IV0011,IBSH00079,Sample incident INC000250
INC000251,11 August 2025,Operations,Training Overdue,HIGH,True," 72,241.00 ",IV0035,IBSH00036,Sample incident INC000251
INC000252,2 April 2026,Finance,Payment Delay,LOW,False," 748,253.00 ",IV0037,IBSH00035,Sample incident INC000252
INC000253,19 February 2026,Supply Chain,Approval Delay,LOW,True," 796,530.00 ",IV0018,IBSH00084,Sample incident INC000253
INC000254,4 August 2025,Risk & Audit,Vendor Risk,LOW,True," 755,951.00 ",IV0049,IBSH00087,Sample incident INC000254
INC000255,19 December 2025,Finance,Audit Finding,LOW,True," 673,121.00 ",IV0025,IBSH00058,Sample incident INC000255
INC000256,9 July 2025,Finance,Training Overdue,MEDIUM,True," 796,224.00 ",IV0030,IBSH00063,Sample incident INC000256
INC000257,15 November 2025,Compliance,Policy Violation,LOW,False," 778,316.00 ",IV0041,IBSH00086,Sample incident INC000257
INC000258,1 December 2025,Legal,Audit Finding,HIGH,True," 427,035.00 ",IV0014,IBSH00064,Sample incident INC000258
INC000259,16 October 2025,IT,PO Expiry,HIGH,True," 364,161.00 ",IV0037,IBSH00063,Sample incident INC000259
INC000260,23 November 2025,HR,Approval Delay,LOW,True," 666,596.00 ",IV0008,IBSH00021,Sample incident INC000260
INC000261,12 January 2026,Legal,PO Expiry,LOW,True," 458,580.00 ",IV0042,IBSH00039,Sample incident INC000261
INC000262,21 August 2025,Finance,Contract Non-Compliance,LOW,True," 387,943.00 ",IV0024,IBSH00086,Sample incident INC000262
INC000263,29 April 2026,Finance,Vendor Risk,LOW,True," 665,993.00 ",IV0028,IBSH00084,Sample incident INC000263
INC000264,17 July 2025,Compliance,PO Expiry,LOW,True," 509,968.00 ",IV0038,IBSH00029,Sample incident INC000264
INC000265,21 February 2026,Risk & Audit,Contract Non-Compliance,LOW,True," 739,386.00 ",IV0028,IBSH00089,Sample incident INC000265
INC000266,7 August 2025,Compliance,Contract Non-Compliance,LOW,True," 411,677.00 ",IV0007,IBSH00041,Sample incident INC000266
INC000267,6 December 2025,Vendor Management,PO Expiry,LOW,True," 799,743.00 ",IV0005,IBSH00068,Sample incident INC000267
INC000268,16 March 2026,HR,Training Overdue,MEDIUM,True," 182,088.00 ",IV0047,IBSH00028,Sample incident INC000268
INC000269,18 April 2026,HR,Vendor Risk,HIGH,True," 656,002.00 ",IV0006,IBSH00013,Sample incident INC000269
INC000270,11 August 2025,Risk & Audit,Audit Finding,MEDIUM,True," 412,686.00 ",IV0021,IBSH00018,Sample incident INC000270
INC000271,5 October 2025,IT,Payment Delay,MEDIUM,True," 270,221.00 ",IV0050,IBSH00089,Sample incident INC000271
INC000272,14 June 2025,IT,Vendor Risk,LOW,True," 646,408.00 ",IV0048,IBSH00051,Sample incident INC000272
INC000273,30 October 2025,HR,Audit Finding,HIGH,True," 260,967.00 ",IV0008,IBSH00031,Sample incident INC000273
INC000274,11 February 2026,Risk & Audit,Training Overdue,LOW,False," 22,653.00 ",IV0009,IBSH00050,Sample incident INC000274
INC000275,19 March 2026,Vendor Management,Policy Violation,LOW,True," 726,116.00 ",IV0050,IBSH00010,Sample incident INC000275
INC000276,9 June 2025,Legal,Approval Delay,LOW,False," 284,921.00 ",IV0004,IBSH00051,Sample incident INC000276
INC000277,15 February 2026,Supply Chain,Audit Finding,MEDIUM,True," 535,387.00 ",IV0045,IBSH00052,Sample incident INC000277
INC000278,13 July 2025,Finance,Contract Non-Compliance,MEDIUM,False," 170,097.00 ",IV0020,IBSH00011,Sample incident INC000278
INC000279,17 February 2026,IT,Training Overdue,CRITICAL,True," 172,924.00 ",IV0026,IBSH00076,Sample incident INC000279
INC000280,21 April 2026,Legal,Approval Delay,LOW,True," 468,737.00 ",IV0016,IBSH00012,Sample incident INC000280
INC000281,9 January 2026,Procurement,Payment Delay,MEDIUM,True," 648,407.00 ",IV0043,IBSH00095,Sample incident INC000281
INC000282,3 May 2026,Vendor Management,Approval Delay,LOW,True," 752,287.00 ",IV0011,IBSH00064,Sample incident INC000282
INC000283,25 November 2025,Finance,PO Expiry,MEDIUM,False," 765,777.00 ",IV0024,IBSH00017,Sample incident INC000283
INC000284,16 October 2025,Risk & Audit,Audit Finding,HIGH,True," 40,782.00 ",IV0018,IBSH00068,Sample incident INC000284
INC000285,3 July 2025,Compliance,Policy Violation,MEDIUM,True," 614,663.00 ",IV0030,IBSH00066,Sample incident INC000285
INC000286,2 December 2025,Vendor Management,Training Overdue,MEDIUM,True," 604,423.00 ",IV0011,IBSH00033,Sample incident INC000286
INC000287,23 July 2025,Legal,Data Quality,MEDIUM,False," 130,936.00 ",IV0001,IBSH00006,Sample incident INC000287
INC000288,7 June 2025,Supply Chain,PO Expiry,LOW,True," 391,657.00 ",IV0012,IBSH00005,Sample incident INC000288
INC000289,11 March 2026,Supply Chain,Training Overdue,LOW,True," 270,322.00 ",IV0018,IBSH00010,Sample incident INC000289
INC000290,20 March 2026,Procurement,PO Expiry,LOW,True," 716,033.00 ",IV0015,IBSH00067,Sample incident INC000290
INC000291,24 June 2025,Finance,Payment Delay,LOW,True," 497,686.00 ",IV0021,IBSH00012,Sample incident INC000291
INC000292,11 March 2026,Finance,Payment Delay,LOW,True," 220,418.00 ",IV0048,IBSH00080,Sample incident INC000292
INC000293,3 October 2025,Legal,Data Quality,LOW,True," 527,326.00 ",IV0049,IBSH00032,Sample incident INC000293
INC000294,17 August 2025,Legal,Data Quality,HIGH,True," 35,071.00 ",IV0023,IBSH00082,Sample incident INC000294
INC000295,5 June 2025,Supply Chain,Payment Delay,LOW,True," 699,233.00 ",IV0007,IBSH00027,Sample incident INC000295
INC000296,27 February 2026,Vendor Management,Payment Delay,MEDIUM,True," 72,804.00 ",IV0006,IBSH00006,Sample incident INC000296
INC000297,27 September 2025,HR,Contract Non-Compliance,MEDIUM,False," 400,586.00 ",IV0038,IBSH00013,Sample incident INC000297
INC000298,14 February 2026,Compliance,Approval Delay,MEDIUM,True," 423,507.00 ",IV0028,IBSH00085,Sample incident INC000298
INC000299,6 August 2025,Supply Chain,Training Overdue,LOW,True," 340,310.00 ",IV0021,IBSH00058,Sample incident INC000299
INC000300,18 October 2025,Vendor Management,Contract Non-Compliance,LOW,True," 500,000.00 ",IV0010,IBSH00014,Sample incident INC000300
INC000301,24 August 2025,Compliance,Data Quality,MEDIUM,True," 436,259.00 ",IV0023,IBSH00099,Sample incident INC000301
INC000302,15 September 2025,Compliance,Contract Non-Compliance,LOW,True," 287,880.00 ",IV0011,IBSH00088,Sample incident INC000302
INC000303,3 November 2025,Vendor Management,Contract Non-Compliance,LOW,False," 353,716.00 ",IV0046,IBSH00032,Sample incident INC000303
INC000304,30 November 2025,Finance,Payment Delay,MEDIUM,True," 720,078.00 ",IV0012,IBSH00004,Sample incident INC000304
INC000305,25 December 2025,Legal,Contract Non-Compliance,MEDIUM,True," 586,843.00 ",IV0030,IBSH00014,Sample incident INC000305
INC000306,11 August 2025,Vendor Management,Vendor Risk,LOW,True," 243,086.00 ",IV0026,IBSH00048,Sample incident INC000306
INC000307,19 April 2026,Compliance,Approval Delay,MEDIUM,True," 281,393.00 ",IV0005,IBSH00026,Sample incident INC000307
INC000308,27 April 2026,Risk & Audit,Contract Non-Compliance,HIGH,True," 106,446.00 ",IV0003,IBSH00060,Sample incident INC000308
INC000309,26 June 2025,Supply Chain,Policy Violation,HIGH,True," 464,197.00 ",IV0002,IBSH00049,Sample incident INC000309
INC000310,16 May 2026,Vendor Management,Payment Delay,LOW,True," 235,146.00 ",IV0018,IBSH00058,Sample incident INC000310
INC000311,16 August 2025,Legal,Payment Delay,MEDIUM,True," 656,947.00 ",IV0032,IBSH00053,Sample incident INC000311
INC000312,9 March 2026,Supply Chain,PO Expiry,LOW,True," 303,366.00 ",IV0027,IBSH00026,Sample incident INC000312
INC000313,26 April 2026,Procurement,Audit Finding,LOW,False," 580,065.00 ",,IBSH00092,Sample incident INC000313
INC000314,1 December 2025,Risk & Audit,Data Quality,MEDIUM,True," 518,223.00 ",IV0021,IBSH00050,Sample incident INC000314
INC000315,17 October 2025,Legal,Approval Delay,LOW,True," 636,121.00 ",,IBSH00100,Sample incident INC000315
INC000316,22 October 2025,IT,Training Overdue,HIGH,True," 504,596.00 ",IV0050,IBSH00075,Sample incident INC000316
INC000317,28 September 2025,Legal,Payment Delay,LOW,True," 698,772.00 ",IV0035,IBSH00095,Sample incident INC000317
INC000318,29 June 2025,Risk & Audit,PO Expiry,MEDIUM,True," 417,290.00 ",IV0012,IBSH00031,Sample incident INC000318
INC000319,31 March 2026,Risk & Audit,Approval Delay,HIGH,True," 741,514.00 ",IV0046,IBSH00090,Sample incident INC000319
INC000320,28 November 2025,Legal,Policy Violation,MEDIUM,False," 600,462.00 ",IV0035,IBSH00040,Sample incident INC000320
INC000321,29 August 2025,Legal,Vendor Risk,LOW,True," 68,896.00 ",IV0002,IBSH00068,Sample incident INC000321
INC000322,31 January 2026,Legal,PO Expiry,LOW,True," 653,966.00 ",IV0022,IBSH00092,Sample incident INC000322
INC000323,30 August 2025,Operations,PO Expiry,LOW,True," 164,887.00 ",IV0050,IBSH00015,Sample incident INC000323
INC000324,25 February 2026,Supply Chain,Contract Non-Compliance,CRITICAL,True," 401,738.00 ",IV0022,IBSH00039,Sample incident INC000324
INC000325,13 November 2025,Supply Chain,Policy Violation,CRITICAL,True," 777,926.00 ",IV0042,IBSH00041,Sample incident INC000325
INC000326,29 August 2025,Risk & Audit,Vendor Risk,MEDIUM,False," 653,520.00 ",IV0043,IBSH00076,Sample incident INC000326
INC000327,29 August 2025,Finance,PO Expiry,LOW,True," 731,942.00 ",IV0012,IBSH00094,Sample incident INC000327
INC000328,1 June 2025,Procurement,PO Expiry,LOW,False," 605,048.00 ",IV0039,IBSH00041,Sample incident INC000328
INC000329,10 April 2026,HR,PO Expiry,MEDIUM,True," 119,167.00 ",IV0022,IBSH00096,Sample incident INC000329
INC000330,10 July 2025,Vendor Management,Contract Non-Compliance,LOW,True," 345,039.00 ",IV0046,IBSH00086,Sample incident INC000330
INC000331,24 April 2026,Legal,Vendor Risk,MEDIUM,True," 288,095.00 ",IV0045,IBSH00009,Sample incident INC000331
INC000332,27 November 2025,Procurement,Approval Delay,HIGH,True," 765,408.00 ",IV0025,IBSH00057,Sample incident INC000332
INC000333,1 January 2026,Supply Chain,Training Overdue,HIGH,True," 527,033.00 ",IV0035,IBSH00049,Sample incident INC000333
INC000334,22 July 2025,Legal,PO Expiry,HIGH,True," 616,135.00 ",IV0029,IBSH00010,Sample incident INC000334
INC000335,18 June 2025,Compliance,Contract Non-Compliance,LOW,True," 283,812.00 ",IV0022,IBSH00022,Sample incident INC000335
INC000336,10 December 2025,Compliance,Training Overdue,MEDIUM,True," 583,619.00 ",IV0039,IBSH00079,Sample incident INC000336
INC000337,3 February 2026,Vendor Management,Audit Finding,MEDIUM,True," 695,386.00 ",IV0011,IBSH00007,Sample incident INC000337
INC000338,22 July 2025,Supply Chain,Data Quality,LOW,True," 209,212.00 ",IV0047,IBSH00094,Sample incident INC000338
INC000339,4 March 2026,Legal,Contract Non-Compliance,MEDIUM,True," 321,847.00 ",IV0004,IBSH00051,Sample incident INC000339
INC000340,20 March 2026,Procurement,Training Overdue,HIGH,False," 171,050.00 ",IV0001,IBSH00055,Sample incident INC000340
INC000341,15 July 2025,Operations,Policy Violation,HIGH,True," 665,455.00 ",IV0013,IBSH00013,Sample incident INC000341
INC000342,14 June 2025,Compliance,Policy Violation,LOW,True," 315,986.00 ",IV0008,IBSH00040,Sample incident INC000342
INC000343,21 December 2025,Finance,Contract Non-Compliance,MEDIUM,True," 703,150.00 ",IV0042,IBSH00070,Sample incident INC000343
INC000344,16 December 2025,Risk & Audit,PO Expiry,LOW,True," 409,974.00 ",IV0029,IBSH00006,Sample incident INC000344
INC000345,13 October 2025,Finance,Approval Delay,MEDIUM,True," 247,232.00 ",IV0010,IBSH00097,Sample incident INC000345
INC000346,8 May 2026,IT,Audit Finding,LOW,True," 370,491.00 ",IV0049,IBSH00076,Sample incident INC000346
INC000347,25 September 2025,IT,Audit Finding,LOW,False," 415,910.00 ",IV0035,IBSH00088,Sample incident INC000347
INC000348,30 January 2026,Finance,Contract Non-Compliance,HIGH,False," 509,397.00 ",IV0026,IBSH00092,Sample incident INC000348
INC000349,18 June 2025,Operations,PO Expiry,MEDIUM,False," 551,922.00 ",IV0008,IBSH00097,Sample incident INC000349
INC000350,16 January 2026,Legal,Vendor Risk,HIGH,True," 500,000.00 ",IV0009,IBSH00006,Sample incident INC000350
INC000351,3 January 2026,Legal,PO Expiry,CRITICAL,True," 466,542.00 ",IV0039,IBSH00034,Sample incident INC000351
INC000352,11 November 2025,Supply Chain,Data Quality,LOW,True," 593,390.00 ",IV0021,IBSH00036,Sample incident INC000352
INC000353,22 February 2026,Operations,Data Quality,HIGH,True," 22,964.00 ",,IBSH00054,Sample incident INC000353
INC000354,28 July 2025,Operations,Contract Non-Compliance,LOW,True," 604,116.00 ",IV0007,IBSH00073,Sample incident INC000354
INC000355,22 July 2025,Supply Chain,Payment Delay,HIGH,True," 370,572.00 ",IV0025,IBSH00084,Sample incident INC000355
INC000356,4 February 2026,Vendor Management,Payment Delay,MEDIUM,False," 49,285.00 ",IV0026,IBSH00019,Sample incident INC000356
INC000357,13 April 2026,Procurement,Audit Finding,MEDIUM,False," 431,233.00 ",IV0022,IBSH00089,Sample incident INC000357
INC000358,30 September 2025,Risk & Audit,Approval Delay,MEDIUM,True," 291,631.00 ",IV0022,IBSH00039,Sample incident INC000358
INC000359,7 November 2025,Compliance,Vendor Risk,HIGH,True," 740,000.00 ",IV0009,IBSH00039,Sample incident INC000359
INC000360,13 January 2026,Operations,Contract Non-Compliance,LOW,True," 447,017.00 ",IV0013,IBSH00057,Sample incident INC000360
INC000361,17 September 2025,Risk & Audit,Approval Delay,MEDIUM,True," 551,590.00 ",IV0033,IBSH00021,Sample incident INC000361
INC000362,4 July 2025,Vendor Management,Data Quality,MEDIUM,True," 432,979.00 ",IV0037,IBSH00004,Sample incident INC000362
INC000363,28 August 2025,Procurement,Vendor Risk,HIGH,True," 220,477.00 ",IV0003,IBSH00059,Sample incident INC000363
INC000364,26 June 2025,Risk & Audit,Policy Violation,MEDIUM,True," 297,286.00 ",IV0033,IBSH00051,Sample incident INC000364
INC000365,22 April 2026,Risk & Audit,Policy Violation,MEDIUM,True," 263,690.00 ",IV0039,IBSH00058,Sample incident INC000365
INC000366,30 August 2025,Risk & Audit,PO Expiry,MEDIUM,True," 376,749.00 ",IV0017,IBSH00096,Sample incident INC000366
INC000367,17 July 2025,Vendor Management,Vendor Risk,LOW,True," 62,062.00 ",IV0015,IBSH00083,Sample incident INC000367
INC000368,24 September 2025,IT,Approval Delay,LOW,True," 439,399.00 ",IV0050,IBSH00099,Sample incident INC000368
INC000369,16 May 2026,Vendor Management,Approval Delay,MEDIUM,True," 148,741.00 ",IV0015,IBSH00033,Sample incident INC000369
INC000370,8 April 2026,Finance,Audit Finding,MEDIUM,True," 753,826.00 ",IV0025,IBSH00045,Sample incident INC000370
INC000371,22 January 2026,IT,Audit Finding,LOW,True," 326,822.00 ",IV0038,IBSH00014,Sample incident INC000371
INC000372,4 June 2025,IT,Payment Delay,CRITICAL,False," 402,408.00 ",IV0020,IBSH00088,Sample incident INC000372
INC000373,26 July 2025,Risk & Audit,Payment Delay,LOW,True," 299,913.00 ",IV0017,IBSH00084,Sample incident INC000373
INC000374,30 April 2026,Legal,Approval Delay,LOW,True," 552,421.00 ",,IBSH00077,Sample incident INC000374
INC000375,24 December 2025,Procurement,Policy Violation,MEDIUM,True," 766,320.00 ",IV0019,IBSH00034,Sample incident INC000375
INC000376,1 January 2026,Operations,Vendor Risk,LOW,True," 47,034.00 ",IV0022,IBSH00093,Sample incident INC000376
INC000377,22 September 2025,Risk & Audit,Data Quality,MEDIUM,False," 508,844.00 ",IV0020,IBSH00022,Sample incident INC000377
INC000378,3 May 2026,HR,PO Expiry,LOW,False," 112,344.00 ",IV0048,IBSH00034,Sample incident INC000378
INC000379,14 March 2026,Compliance,Vendor Risk,HIGH,True," 361,936.00 ",IV0023,IBSH00029,Sample incident INC000379
INC000380,5 November 2025,Risk & Audit,Payment Delay,HIGH,True," 357,411.00 ",IV0038,IBSH00038,Sample incident INC000380
INC000381,24 January 2026,Operations,Contract Non-Compliance,MEDIUM,True," 675,213.00 ",IV0031,IBSH00025,Sample incident INC000381
INC000382,12 February 2026,IT,Payment Delay,HIGH,True," 410,209.00 ",IV0027,IBSH00007,Sample incident INC000382
INC000383,17 August 2025,Supply Chain,Policy Violation,CRITICAL,True," 369,315.00 ",IV0010,IBSH00041,Sample incident INC000383
INC000384,1 September 2025,Vendor Management,Training Overdue,MEDIUM,True," 671,685.00 ",IV0041,IBSH00008,Sample incident INC000384
INC000385,3 June 2025,Operations,PO Expiry,LOW,True," 186,795.00 ",IV0032,IBSH00098,Sample incident INC000385
INC000386,16 July 2025,Supply Chain,Audit Finding,MEDIUM,True," 674,259.00 ",IV0028,IBSH00062,Sample incident INC000386
INC000387,14 December 2025,Risk & Audit,Approval Delay,LOW,True," 219,100.00 ",IV0021,IBSH00097,Sample incident INC000387
INC000388,27 February 2026,Legal,Vendor Risk,LOW,True," 14,324.00 ",IV0045,IBSH00045,Sample incident INC000388
INC000389,7 November 2025,Operations,Payment Delay,LOW,True," 537,786.00 ",IV0011,IBSH00009,Sample incident INC000389
INC000390,24 June 2025,IT,Data Quality,HIGH,True," 488,073.00 ",IV0022,IBSH00056,Sample incident INC000390
INC000391,8 August 2025,Risk & Audit,Vendor Risk,CRITICAL,True," 523,989.00 ",IV0011,IBSH00052,Sample incident INC000391
INC000392,10 June 2025,Legal,Approval Delay,LOW,True," 147,579.00 ",IV0038,IBSH00065,Sample incident INC000392
INC000393,26 August 2025,Procurement,Audit Finding,LOW,True," 692,141.00 ",IV0041,IBSH00033,Sample incident INC000393
INC000394,1 March 2026,Compliance,Approval Delay,LOW,False," 60,290.00 ",IV0004,IBSH00089,Sample incident INC000394
INC000395,30 July 2025,IT,Payment Delay,MEDIUM,True," 139,598.00 ",IV0031,IBSH00090,Sample incident INC000395
INC000396,18 August 2025,Procurement,Payment Delay,MEDIUM,True," 670,929.00 ",IV0027,IBSH00085,Sample incident INC000396
INC000397,22 July 2025,Vendor Management,Audit Finding,LOW,False," 645,053.00 ",IV0007,IBSH00066,Sample incident INC000397
INC000398,13 April 2026,HR,Vendor Risk,LOW,True," 121,425.00 ",IV0039,IBSH00026,Sample incident INC000398
INC000399,13 October 2025,Supply Chain,Payment Delay,CRITICAL,False," 385,308.00 ",IV0011,IBSH00006,Sample incident INC000399
INC000400,8 March 2026,HR,Training Overdue,HIGH,True," 500,000.00 ",IV0016,IBSH00001,Sample incident INC000400
INC000401,7 June 2025,HR,PO Expiry,HIGH,True," 612,042.00 ",IV0006,IBSH00100,Sample incident INC000401
INC000402,17 February 2026,Finance,Vendor Risk,MEDIUM,True," 116,210.00 ",IV0030,IBSH00038,Sample incident INC000402
INC000403,14 October 2025,Procurement,Payment Delay,LOW,True," 193,188.00 ",IV0024,IBSH00087,Sample incident INC000403
INC000404,8 November 2025,Procurement,Approval Delay,MEDIUM,True," 109,613.00 ",IV0009,IBSH00085,Sample incident INC000404
INC000405,28 April 2026,Operations,Payment Delay,LOW,True," 468,976.00 ",IV0047,IBSH00012,Sample incident INC000405
INC000406,8 December 2025,Supply Chain,Policy Violation,LOW,True," 430,245.00 ",IV0018,IBSH00050,Sample incident INC000406
INC000407,31 January 2026,Compliance,PO Expiry,MEDIUM,True," 184,880.00 ",IV0045,IBSH00093,Sample incident INC000407
INC000408,1 July 2025,HR,Policy Violation,LOW,True," 629,446.00 ",IV0012,IBSH00079,Sample incident INC000408
INC000409,12 December 2025,Vendor Management,Policy Violation,MEDIUM,True," 727,712.00 ",IV0032,IBSH00015,Sample incident INC000409
INC000410,28 December 2025,Risk & Audit,Approval Delay,LOW,True," 284,320.00 ",IV0046,IBSH00087,Sample incident INC000410
INC000411,24 February 2026,Risk & Audit,Data Quality,MEDIUM,False," 244,865.00 ",IV0034,IBSH00089,Sample incident INC000411
INC000412,13 April 2026,Legal,Policy Violation,MEDIUM,True," 771,949.00 ",IV0023,IBSH00085,Sample incident INC000412
INC000413,13 May 2026,Operations,Approval Delay,LOW,True," 595,466.00 ",IV0001,IBSH00083,Sample incident INC000413
INC000414,20 August 2025,Vendor Management,Contract Non-Compliance,HIGH,False," 529,920.00 ",IV0049,IBSH00063,Sample incident INC000414
INC000415,12 November 2025,Procurement,Data Quality,LOW,True," 301,668.00 ",IV0015,IBSH00071,Sample incident INC000415
INC000416,26 April 2026,Compliance,Policy Violation,MEDIUM,True," 256,415.00 ",IV0029,IBSH00074,Sample incident INC000416
INC000417,16 January 2026,Risk & Audit,Contract Non-Compliance,HIGH,True," 478,784.00 ",IV0032,IBSH00096,Sample incident INC000417
INC000418,1 May 2026,Procurement,Data Quality,LOW,True," 442,368.00 ",IV0036,IBSH00001,Sample incident INC000418
INC000419,17 July 2025,Finance,Data Quality,CRITICAL,False," 678,507.00 ",IV0036,IBSH00027,Sample incident INC000419
INC000420,2 May 2026,Procurement,Vendor Risk,CRITICAL,True," 390,992.00 ",IV0030,IBSH00043,Sample incident INC000420
INC000421,14 March 2026,Risk & Audit,Policy Violation,MEDIUM,False," 761,470.00 ",IV0008,IBSH00013,Sample incident INC000421
INC000422,4 May 2026,Finance,Data Quality,LOW,True," 382,390.00 ",IV0034,IBSH00048,Sample incident INC000422
INC000423,25 July 2025,Vendor Management,Audit Finding,HIGH,True," 526,342.00 ",IV0007,IBSH00033,Sample incident INC000423
INC000424,9 April 2026,Legal,Policy Violation,LOW,True," 421,981.00 ",,IBSH00025,Sample incident INC000424
INC000425,21 November 2025,Operations,Contract Non-Compliance,HIGH,True," 58,759.00 ",IV0050,IBSH00058,Sample incident INC000425
INC000426,21 January 2026,HR,Approval Delay,CRITICAL,False," 151,176.00 ",IV0034,IBSH00095,Sample incident INC000426
INC000427,25 June 2025,HR,Data Quality,HIGH,False," 623,543.00 ",IV0050,IBSH00023,Sample incident INC000427
INC000428,24 March 2026,Compliance,Audit Finding,MEDIUM,True," 144,618.00 ",IV0043,IBSH00077,Sample incident INC000428
INC000429,7 April 2026,Supply Chain,Vendor Risk,MEDIUM,True," 413,348.00 ",IV0018,IBSH00051,Sample incident INC000429
INC000430,23 November 2025,Vendor Management,Audit Finding,MEDIUM,True," 149,850.00 ",IV0039,IBSH00090,Sample incident INC000430
INC000431,18 February 2026,Risk & Audit,Data Quality,HIGH,True," 584,416.00 ",IV0041,IBSH00028,Sample incident INC000431
INC000432,11 September 2025,Risk & Audit,PO Expiry,MEDIUM,True," 314,694.00 ",IV0046,IBSH00084,Sample incident INC000432
INC000433,31 August 2025,Risk & Audit,Contract Non-Compliance,MEDIUM,False," 677,814.00 ",IV0049,IBSH00046,Sample incident INC000433
INC000434,15 March 2026,Supply Chain,Data Quality,MEDIUM,True," 709,565.00 ",IV0019,IBSH00055,Sample incident INC000434
INC000435,7 June 2025,Vendor Management,Approval Delay,LOW,False," 409,371.00 ",IV0043,IBSH00008,Sample incident INC000435
INC000436,11 September 2025,Finance,Payment Delay,HIGH,True," 178,752.00 ",IV0010,IBSH00008,Sample incident INC000436
INC000437,30 October 2025,Risk & Audit,Policy Violation,HIGH,True," 43,875.00 ",IV0007,IBSH00079,Sample incident INC000437
INC000438,12 May 2026,IT,Audit Finding,HIGH,False," 788,476.00 ",IV0016,IBSH00066,Sample incident INC000438
INC000439,26 October 2025,Supply Chain,Training Overdue,HIGH,True," 416,380.00 ",IV0036,IBSH00007,Sample incident INC000439
INC000440,7 June 2025,Legal,Training Overdue,LOW,True," 474,586.00 ",IV0049,IBSH00076,Sample incident INC000440
INC000441,7 March 2026,Legal,Payment Delay,LOW,False," 770,127.00 ",IV0029,IBSH00023,Sample incident INC000441
INC000442,16 May 2026,IT,Contract Non-Compliance,LOW,True," 192,237.00 ",IV0025,IBSH00006,Sample incident INC000442
INC000443,6 January 2026,Vendor Management,Payment Delay,MEDIUM,True," 146,384.00 ",IV0001,IBSH00043,Sample incident INC000443
INC000444,25 January 2026,Operations,Approval Delay,LOW,True," 348,302.00 ",IV0050,IBSH00081,Sample incident INC000444
INC000445,12 April 2026,IT,Training Overdue,MEDIUM,True," 610,495.00 ",IV0005,IBSH00091,Sample incident INC000445
INC000446,10 November 2025,IT,Contract Non-Compliance,LOW,False," 202,800.00 ",,IBSH00065,Sample incident INC000446
INC000447,21 August 2025,Compliance,Training Overdue,MEDIUM,True," 433,013.00 ",IV0015,IBSH00028,Sample incident INC000447
INC000448,6 May 2026,Legal,Data Quality,LOW,True," 317,835.00 ",IV0031,IBSH00072,Sample incident INC000448
INC000449,29 April 2026,HR,Vendor Risk,LOW,True," 372,814.00 ",IV0042,IBSH00079,Sample incident INC000449
INC000450,15 April 2026,Risk & Audit,Audit Finding,CRITICAL,True," 500,000.00 ",,IBSH00015,Sample incident INC000450
INC000451,15 December 2025,Procurement,Data Quality,MEDIUM,True," 306,567.00 ",IV0050,IBSH00048,Sample incident INC000451
INC000452,19 February 2026,Finance,Vendor Risk,MEDIUM,False," 55,981.00 ",IV0021,IBSH00066,Sample incident INC000452
INC000453,13 July 2025,IT,Approval Delay,LOW,True," 574,107.00 ",IV0041,IBSH00009,Sample incident INC000453
INC000454,16 September 2025,Compliance,Vendor Risk,HIGH,True," 454,815.00 ",IV0035,IBSH00090,Sample incident INC000454
INC000455,9 January 2026,Procurement,Policy Violation,MEDIUM,True," 171,223.00 ",IV0046,IBSH00043,Sample incident INC000455
INC000456,20 June 2025,Finance,Data Quality,LOW,True," 196,638.00 ",IV0005,IBSH00074,Sample incident INC000456
INC000457,25 September 2025,Supply Chain,Audit Finding,MEDIUM,True," 483,039.00 ",IV0021,IBSH00003,Sample incident INC000457
INC000458,17 December 2025,Operations,Contract Non-Compliance,MEDIUM,True," 682,580.00 ",IV0049,IBSH00096,Sample incident INC000458
INC000459,27 March 2026,Risk & Audit,Data Quality,MEDIUM,True," 86,115.00 ",IV0007,IBSH00038,Sample incident INC000459
INC000460,2 November 2025,Supply Chain,Audit Finding,LOW,False," 468,936.00 ",IV0043,IBSH00004,Sample incident INC000460
INC000461,29 January 2026,Supply Chain,Data Quality,MEDIUM,True," 153,006.00 ",IV0019,IBSH00082,Sample incident INC000461
INC000462,13 August 2025,Risk & Audit,Approval Delay,MEDIUM,True," 774,752.00 ",IV0036,IBSH00072,Sample incident INC000462
INC000463,12 August 2025,Operations,Audit Finding,LOW,True," 610,538.00 ",IV0035,IBSH00071,Sample incident INC000463
INC000464,14 July 2025,Risk & Audit,Vendor Risk,LOW,True," 787,446.00 ",IV0027,IBSH00083,Sample incident INC000464
INC000465,18 February 2026,Operations,Payment Delay,LOW,True," 241,512.00 ",IV0013,IBSH00015,Sample incident INC000465
INC000466,1 September 2025,IT,Policy Violation,HIGH,False," 797,524.00 ",IV0042,IBSH00071,Sample incident INC000466
INC000467,8 July 2025,Compliance,Vendor Risk,MEDIUM,True," 272,865.00 ",IV0047,IBSH00075,Sample incident INC000467
INC000468,5 February 2026,Legal,Contract Non-Compliance,LOW,True," 713,904.00 ",IV0019,IBSH00080,Sample incident INC000468
INC000469,6 July 2025,Risk & Audit,Payment Delay,LOW,True," 482,536.00 ",IV0045,IBSH00075,Sample incident INC000469
INC000470,18 August 2025,Supply Chain,PO Expiry,MEDIUM,False," 341,699.00 ",IV0001,IBSH00041,Sample incident INC000470
INC000471,5 October 2025,Supply Chain,Payment Delay,MEDIUM,True," 681,967.00 ",IV0024,IBSH00018,Sample incident INC000471
INC000472,14 May 2026,HR,Training Overdue,HIGH,True," 495,331.00 ",IV0050,IBSH00040,Sample incident INC000472
INC000473,5 February 2026,Operations,Contract Non-Compliance,LOW,False," 686,909.00 ",IV0018,IBSH00018,Sample incident INC000473
INC000474,3 March 2026,Compliance,Contract Non-Compliance,LOW,True," 667,057.00 ",IV0002,IBSH00065,Sample incident INC000474
INC000475,20 April 2026,Supply Chain,Vendor Risk,HIGH,True," 617,021.00 ",IV0003,IBSH00071,Sample incident INC000475
INC000476,12 October 2025,HR,PO Expiry,HIGH,False," 575,892.00 ",IV0024,IBSH00051,Sample incident INC000476
INC000477,23 September 2025,Vendor Management,Policy Violation,MEDIUM,False," 315,134.00 ",IV0033,IBSH00066,Sample incident INC000477
INC000478,17 July 2025,Legal,PO Expiry,LOW,True," 21,106.00 ",IV0049,IBSH00066,Sample incident INC000478
INC000479,11 August 2025,Operations,PO Expiry,LOW,True," 603,868.00 ",IV0048,IBSH00094,Sample incident INC000479
INC000480,3 February 2026,Legal,Contract Non-Compliance,LOW,True," 521,329.00 ",IV0017,IBSH00048,Sample incident INC000480
INC000481,28 September 2025,Risk & Audit,Audit Finding,MEDIUM,True," 553,042.00 ",IV0031,IBSH00059,Sample incident INC000481
INC000482,24 June 2025,Compliance,Data Quality,CRITICAL,True," 349,813.00 ",IV0041,IBSH00036,Sample incident INC000482
INC000483,13 October 2025,Supply Chain,Audit Finding,MEDIUM,False," 192,294.00 ",IV0024,IBSH00076,Sample incident INC000483
INC000484,1 May 2026,Legal,Data Quality,MEDIUM,True," 404,609.00 ",IV0026,IBSH00046,Sample incident INC000484
INC000485,24 November 2025,Procurement,Data Quality,HIGH,True," 643,561.00 ",IV0009,IBSH00057,Sample incident INC000485
INC000486,24 August 2025,Finance,Vendor Risk,LOW,True," 684,734.00 ",IV0010,IBSH00024,Sample incident INC000486
INC000487,20 August 2025,Legal,Audit Finding,MEDIUM,True," 134,078.00 ",,IBSH00043,Sample incident INC000487
INC000488,29 July 2025,Legal,PO Expiry,MEDIUM,True," 512,290.00 ",IV0042,IBSH00053,Sample incident INC000488
INC000489,12 June 2025,Operations,PO Expiry,LOW,True," 611,344.00 ",IV0009,IBSH00081,Sample incident INC000489
INC000490,18 February 2026,Procurement,PO Expiry,HIGH,True," 163,999.00 ",IV0017,IBSH00024,Sample incident INC000490
INC000491,20 February 2026,Procurement,Payment Delay,MEDIUM,True," 600,982.00 ",IV0006,IBSH00028,Sample incident INC000491
INC000492,16 January 2026,Vendor Management,Vendor Risk,CRITICAL,False," 515,065.00 ",IV0027,IBSH00077,Sample incident INC000492
INC000493,13 August 2025,Operations,Data Quality,HIGH,False," 200,719.00 ",IV0017,IBSH00022,Sample incident INC000493
INC000494,23 November 2025,Legal,Audit Finding,MEDIUM,True," 82,187.00 ",IV0025,IBSH00017,Sample incident INC000494
INC000495,26 July 2025,Supply Chain,PO Expiry,LOW,True," 538,859.00 ",IV0039,IBSH00013,Sample incident INC000495
INC000496,30 August 2025,Procurement,Data Quality,HIGH,True," 638,950.00 ",IV0033,IBSH00097,Sample incident INC000496
INC000497,31 July 2025,Operations,Data Quality,MEDIUM,True," 146,659.00 ",IV0001,IBSH00100,Sample incident INC000497
INC000498,14 May 2026,Procurement,Data Quality,MEDIUM,True," 398,368.00 ",IV0028,IBSH00030,Sample incident INC000498
INC000499,2 February 2026,Operations,Contract Non-Compliance,LOW,True," 787,407.00 ",IV0028,IBSH00018,Sample incident INC000499
INC000500,9 October 2025,Finance,Data Quality,HIGH,True," 500,000.00 ",IV0027,IBSH00033,Sample incident INC000500
